{"bounds": [[46.281733, -0.5422229999999999], [46.373012, -0.38041500000000006]], "width": 2400, "height": 1353, "vmin": 0.0, "vmax": 42.0}