{"bounds": [[46.2817292242742, -0.5478123014886547], [46.373011999999996, -0.3750964613116945]], "width": 2400, "height": 1268, "vmin": 0.15, "vmax": 0.4}