{"bounds": [[46.281787766778265, -0.5455647429716458], [46.37292834559148, -0.3779131013997885]], "width": 2400, "height": 1304, "vmin": 0.15, "vmax": 0.4}