{"bounds": [[46.279972267178046, -0.5435774861051916], [46.37484212163066, -0.37883957999794937]], "width": 481, "height": 277, "vmin": 28.0, "vmax": 53.0}