{"indice_chaleur": [0.1795, 0.225589, 0.245914, 0.259641, 0.264956, 0.273785, 0.282714, 0.287665, 0.294356, 0.298842, 0.30289, 0.305336, 0.310868, 0.316629, 0.321432, 0.32660999999999996, 0.331608, 0.338084, 0.341768, 0.34696099999999996, 0.35172, 0.354999, 0.35753599999999996, 0.363348, 0.367556, 0.370975, 0.374488, 0.377265, 0.380832, 0.384051, 0.3886, 0.3922, 0.3962, 0.401127, 0.404646, 0.4074, 0.410988, 0.415406, 0.41922200000000004, 0.422441, 0.4248, 0.427, 0.43268599999999996, 0.43573399999999995, 0.439852, 0.44401, 0.44697400000000004, 0.448893, 0.451624, 0.455193, 0.4576, 0.45986899999999997, 0.463488, 0.464935, 0.46702600000000005, 0.469535, 0.4719, 0.47476599999999997, 0.477306, 0.48006299999999996, 0.48224, 0.485359, 0.4879, 0.489597, 0.492616, 0.4945, 0.495754, 0.498892, 0.502092, 0.5064439999999999, 0.50863, 0.511794, 0.515404, 0.518987, 0.522, 0.5262, 0.528732, 0.5330630000000001, 0.537992, 0.541205, 0.54686, 0.551417, 0.556616, 0.561477, 0.566492, 0.57143, 0.581336, 0.5889, 0.5951, 0.604491, 0.6115200000000001, 0.6184, 0.625148, 0.632301, 0.640086, 0.650505, 0.6594040000000001, 0.6736300000000001, 0.6848199999999999, 0.7066049999999999, 0.7967], "albedo": [0.177, 0.237809, 0.245728, 0.249157, 0.252352, 0.2548, 0.257314, 0.2593, 0.260452, 0.2615, 0.26249, 0.2635, 0.2644, 0.2654, 0.2659, 0.2666, 0.2675, 0.2681, 0.26884199999999997, 0.269722, 0.2707, 0.271299, 0.271736, 0.2726, 0.273, 0.2735, 0.274, 0.2748, 0.2752, 0.2756, 0.2759, 0.2764, 0.2769, 0.2772, 0.2778, 0.278365, 0.27888399999999997, 0.2795, 0.2798, 0.2802, 0.2806, 0.281, 0.2816, 0.282, 0.2824, 0.2827, 0.28317400000000004, 0.2835, 0.2838, 0.284131, 0.2846, 0.2851, 0.2855, 0.2859, 0.2862, 0.2866, 0.286864, 0.2873, 0.2877, 0.288, 0.2885, 0.2888, 0.289, 0.2893, 0.2897, 0.2902, 0.2904, 0.2908, 0.291092, 0.2914, 0.29173, 0.292, 0.2925, 0.292987, 0.293506, 0.293925, 0.2943, 0.29472600000000004, 0.29508199999999996, 0.2955, 0.29602, 0.296839, 0.2976, 0.2981, 0.298896, 0.299915, 0.3007, 0.30145299999999997, 0.3022, 0.3027, 0.3036, 0.3045, 0.305348, 0.306567, 0.307872, 0.30921499999999996, 0.312024, 0.3147, 0.3197579999999999, 0.329524, 0.3894]}